"Name,Price$,AvgRatingoutof5,ReviewCount"
"Audífonos Gamer Para Xbox Pc Ps4 KRIOS K10  Con Microfono y Led Rgb  Color Negro,360.65,4.7,102"
"Audífonos Gamer Razer Blackshark V2 X Multiplataforma  Blanco,977.0,4.8,687"
"Auriculares gamer Onikuma  K20 negro con luz LED,299.0,4.4,4834"
"Audífonos Gamer KRIOS K11 Diadema Gaming Headset Gamer Con Microfono Led Rgb Para Xbox Ps4 Pc,370.11,4.6,194"
"Headset Gaming Logitech G733,2.199,4.8,1060"
"Audífono Inalámbrico Sony Pulse 3d Cfi-zwh1 Playstation 5,1.775,4.8,902"
"Headset Gamer Redragon Alámbrico Hylas H260 Rgb Color Negro,395.0,4.6,161"
"Auriculares YeYian Force Series 3000 YDF-33401 Con Microfono Para Xbox One Ps4 Ps5 Pc Mac Laptop,239.4,4.6,72"
"Headset Alámbrico Hatsune Miku OTL,499.0,4.8,216"
"Headset Alámbrico Batman OTL Negro y Rojo,399.0,4.7,105"
"Audífonos Gamer Krios K1 con Microfono Led Rgb Para Xbox Ps4 Pc Color Negro,385.31,4.7,46"
"Auriculares Yeyian Force Series 3000 YDF-33401D Con Microfono Para Ps4 Ps5 Xbox One Pc Mac Laptop Color Café,225.62,4.9,11"
"Audifonos Gamer Sonido 3d K2 Con Microfono Luz Multifunción,133.56,4.8,42"
"Diadema Gamer Force Serie 3000, Camuflaje Gris - Modelo: YDF-33401D,299.73,4.7,37"
"Audífonos Logitech Astro A10 2da Gen Ps5 Pc Mac Switch Xbox Color Gris Color de la luz NA,1.079,4.8,210"
"Audífonos gamer Onikuma Gamer X25 blanco con luz  rgb LED para PC Xbox PS Teléfono móvil,399.0,4.9,14"
"Audífono Con Micrófono Logitech H390 Usb - Logitech - Flex Color Negro,622.59,4.8,53"
"Headset Alámbrico Animal Crossing OTL Rosa,299.0,4.6,43"
"Audífonos Gamer Stf Beast Muspell Tournament Hi-fi Gaming Color Rosa,329.45,4.9,17"
"Headset Alámbrico Legend of Zelda OTL,399.0,4.5,104"
"Nakano Miku Auriculares Bluetooth, Inalámbrico Hi-fi,454.35,4.8,302"
"Audífono Gamer Inalámbrico Huo Ji X13 Negro Con Luz Led,554.64,5.0,1"
"Audífonos Gamer Onikuma X32,291.27,4.8,105"
"Audífonos Gamer Diadema Gaming Headset Krios K12 Gamer Con Microfono Led Rgb Para Xbox Pc Ps4 Color Negro,416.14,4.6,137"
"Audífonos Gamer Corsair Hs80 Rgb Usb Carbón,1.727,4.7,43"
"Diadema Gamer Yeyian Vicious, Alambricosicious, Alámbrico, 2 Metros, USB/3.5mm, Para PC, PS4, XBOX ONE, YDV-33403,376.0,4.6,134"
"Audífonos Gamer Onikuma K19 Con micrófono Luz Rgb Led Para Xbox Ps4 Pc,328.5,4.6,3248"
"Diadema Headset Turtle Beach Recon 70 ::.. Alambrico Color Verde,849.0,4.8,14"
"Headset Gamer Redragon Hylas White H260-rgb-w Color Blanco Luz RGB,429.0,4.6,199"
"Audifonos Diadema Con Microfono Para Pc Gamer Vorago Hs-201,164.25,4.2,38"
"Diadema Gamer, Audifono Rgb, Alámbrico Color Negro,514.01,4.7,23"
"Headset Gaming Alámbrico Con Micrófono Sonic Pro G1 Otl Azul,399.0,5.0,3"
"Headset Gaming Alámbrico Con Micrófono Sonic Pro G4 Otl Azul,399.0,0.0,0"
"Audífonos Gamer Razer Blackshark V2 X Multiplataforma Rosa,918.72,4.9,187"
"Audífonos Steren AUD-536NE Multimedia USB Ultraconfort Color Negro,249.0,4.4,18"
"Diadema Gamer Vorago Start The Game Hs-502 3.5mm Rgb 50m /vc Color Negro,323.5,4.6,120"
"Headset Gamer Blanco Redragon Zeus X H510rgb-white-sound 7.1 Luz RGB,987.14,4.6,139"
"Auriculares gamer inalámbricos Onikuma Gamer  K1-B K1 black y blue con luz LED,299.0,4.6,1602"
"Auriculares profesionales Runmus K2 Pro para jugadores negro/rojo, color negro, color claro, rojo,319.2,4.7,3"
"Audífonos Gamer KRIOS K7 Diadema Gaming Headset Gamer Con Microfono Led Rgb Para Xbox Pc Ps4 Color Negro,356.34,4.5,227"
"Audífonos Gamer Razer Blackshark V2 X Multiplataforma  Verde,891.0,4.8,1183"
"Base Para Diadema Gamer Balam Rush Atlas Pro Hrx20 Rgb Usb,251.37,4.9,207"
"Pro G5 Kirby Headphones Luz Rgb Color Rosa Chicle,499.0,4.7,22"
"Diadema Gamer Hsg601 Amplificador Usb Base Gamefactor Pc Color Negro,688.0,4.7,207"
"Audífonos Logitech A10-939-002046 Astro A10 Gen 2 Color Negro Color de la luz NA,979.0,4.7,341"
"Diadema Gamer Nacon Rig 400 Pro Hc Headset Alámbrico Color Negro,320.0,4.2,534"
"Audífonos Stitch Bluetooth Comandos De Mando/ranura Para Sd Color Azul Color de la luz Azul marino,249.0,4.6,111"
"Headset inalámbrico Logitech G435 Negro,1.069,4.7,935"
"Audífonos Hyper X Cloud Stinger Color Negro,449.0,4.7,3"
"Audífonos Diadema Gamer Mpow Eg10 De Cable Luces Led,369.98,0.0,0"
"Audífonos Stf Beast Muspell Prime Gaming Para Pc Color Lila,274.45,4.7,66"
"Headset Audífonos Gamer Hyperx Cloud Iii 3 Color Black/red,1.49,4.7,16"
"Auricular gamer inalámbrico Turtle Beach Stealth  700 GEN 2 MAX TBS-2790-01 negro,3.031,5.0,1"
"Audifono Gamer Pc Headset Muspell Beast Stf Color Negro,274.45,4.3,19"
"Auriculares inalámbricos Dell WL3024,1.199,5.0,1"
"Auriculares estéreo para juegos con cable Pdp Lvl40, interruptor azul y rojo,625.0,4.6,42"
"Headset Stereo Harry Potter Escudo Otl Alámbrico Blanco,299.0,4.8,30"
"Audífonos Gamer Nubwo U3 3.5mm Game Headset Con Mic,492.99,5.0,2"
"Audífonos Gamer Redragon H320-rgb Lamia 2 Rgb Color Black,696.78,4.5,50"
"Diadema Gaming Marvo Hg8936 Rosa Pc 2x3.5mm + Usb Luz Blanca,299.0,4.9,7"
"Audífonos Gamer Redragon Ire Pro H848g Bluetooth Color Gris,932.92,4.5,24"
"Headset T-dagger Sona White T-rgh304w Audio 7.1 Usb - Rgb, Conexión USB,476.18,4.6,163"
"Onikuma Audífonos Gamer Con Micrófono Y Luz Rgb Para Pc Xbox,376.28,4.7,118"
"Audífonos Logitech A10-939-002046 Astro A10 Gen 2 Color Blanco Color de la luz NA,979.0,4.7,341"
"Headset Alámbrico Tx40 Voltedge Universal Xbox, Ps, Switch Color Marrón,340.0,4.7,852"
"Headset Gaming Alámbrico Con Micrófono The Batman Pro G5 Otl Rojo,399.0,4.0,2"
"G2000 Audífonos Bluetooth 5.0 Videojuegos Micrófono Led,513.75,4.6,266"
"Auricular Gamer Xtech Kalamos Cable Usb Pc Notebook,158.76,0.0,0"
"Audífonos de diadema Mitzu con adaptador Mh-5003 color negro,299.0,4.2,19"
"Audífonos Turtle Beach Recon 200 Gen 2 Negro,1.199,4.8,11"
"Audifonos Diadema Profesional Gamer Usb Audio 5.1 Pc Ps4,231.27,4.5,305"
"Audífonos De Diadema Mario Bros Con Bluetooth Niño, Adulto Color Rojo Color de la luz Azul,299.0,4.5,87"
"Audífonos Gamer Redragon H848 Ire Pro Bluetooth, Negro,932.92,4.2,45"
"Audífonos Gamer Redragon H120 Ares Negro Y Rojo Color Negro/Rojo,275.4,4.3,126"
"Audifonos Ps4 Headset Turtle Beach Stealth 300 Color Negro,952.41,4.0,5"
"Audifonos Alámbricos Tx30 Nintendo Switch Nuevos Color Rojo,175.0,4.6,475"
"Auricular Gamer Multiplataforma Redragon Hylas Blanco C/ Rgb,374.4,0.0,0"
"Headset T-dagger Geneve T-rgh515 Wireless, 7.1 Virtual, Ps4 Color Negro,460.16,4.4,9"
"Audífonos Xbox Ear Force Recon 50x Black Color Negro Color De La Luz Blanco,580.0,0.0,0"
"Audifonos Gamer Razer Blackshark V2 X Green Color Verde,839.16,4.8,57"
"Audífono Diadema Con Micrófono Compatible Con Ps4/xbox/pc Color Negro,101.0,0.0,0"
"Audifonos Gamer Headset Cloud Alpha S Blackout Hyperx,1.999,4.7,96"
"Audifonos Intraaurales Hp 100 Negros 1kf54aa,100.0,5.0,1"
"Headset Alámbrico Tx30 Voltedge Universal Ps, Xbox, Nsw Y Pc Color Naranja/Negro,179.0,4.1,12"
"Diadema Gaming Marvo Hg8928 Xbox/one/ps4/pc  Se,369.0,4.0,2"
"Audífonos Gamer Onikuma X13,374.25,5.0,2"
"Audífonos Inalámbricos Logitech 981-001061 Lightspeed G435 Color Blanco Color de la luz NA,1.009,4.5,67"
"Headset Gamer Marvo Hg8935 Luz Led Arcoiris Usb Cable 2.1 M Color Negro,329.0,4.5,2"
"Diadema Yeyian Proud Serie 3500 Led Microfono 3.5mm Gaming,599.0,4.7,68"
"Yeyian Audífonos Gamer Wicked Serie 3000, Alámbrico, 2.2 Metros, Con Iluminacion Led, Cable Trenzado, USB, 2 Metros, Para Pc,Mac, YDW-33402,285.18,4.5,64"
"Krysenix Audífonos Gamer Con Micrófono Para Pc,ps5,ps4,xbox Color Negro Luz Verde,295.92,4.8,102"
"Soporte Para Audífonos Plegable Para Suspensión Aluminio,211.47,4.7,10"
"Auriculares para juegos Redragon Hylas H260rgb, color blanco, color blanco, color Rgb,421.0,5.0,1"
"Audífonos Inalámbricos Diadema Bluetooth Gamer Headset KRIOS Bk3 Con Micrófono Luz Led Manos Libres Para Xbox Ps4 Pc,403.81,4.7,92"
"Auriculares gamer inalámbricos  P9 Plus rojo,139.0,4.0,323"
"Audífono Diadema Microfono Ultra Delgada Ajustable Pc Laptop,77.13,4.0,44"
"Auricular Gamer Redragon H520 Icon Multiplataforma Pc Ps4 Color Negro,1.249,4.9,98"
"Audífonos Gaming- Hyperx Cloudx Chat Headset 40mm Xbox,499.0,0.0,0"
"Audífonos Gamer Yeyian Proud Series 3500, para Xbox Series S/PS4/Nintendo Switch/Laptop/Mac, Alámbrico, 1.8 Metros, 3.5 mm, Blanco,499.0,4.4,27"
"Diadema Gamer Marvo Hg9018 Sonido 7.1 Usb 2.4m Micrófono Luz Color Negro,499.0,4.6,8"
"Audífonos Gamer Krios K7 Diadema Gaming Headset Para Xbox,521.97,0.0,0"
"Audifonos Diadema Gamer Gm-1 Led Ps4 Xbox One S, X Pc Laptop Color Rojo,252.85,0.0,0"
"Diadema Razer Blackshark V2 Hyperspeed Wireless White Color Blanco Luz Ninguna,2.277,5.0,1"
"Audifonos Diadema Gamer Headset Ps5 Ps4 Xbox One S Pc Laptop,190.72,4.8,19"
"Headset Gamer Redragon Rosa Zeus X H510rgb-pink - Sonido 7.1 Luz RGB,987.14,4.6,139"
"Audifonos Diadema Headset Gamer Led Rgb Aux 3.5mm /e Color Gris,299.0,4.7,7"
"Diadema Gamer Audífono 3.5mm Pc Gaming Control Sonido Color Rojo,159.0,0.0,0"
"Audífonos Turtle Beach Recon 70p Negro Para Ps4 Ps4 Pro Ps5,869.0,4.6,14"
"Steelseries New Arctis Nova 1 Multi-system Gaming Headset Color Blanco,1.649,4.3,6"
"Acteck Audífonos Gamer Over Ear Balam Rush Hesix Br-929776 Color Negro Luz RGB,440.0,4.5,4"
"Diadema Gamer Msi Immerse Gh30 V2 Multiplataformas Color Negro,729.0,0.0,0"
"Audifonos Kids Necnon Hipoalergenico Jack 3.5 X 2 Ajustable Color Puppy,163.0,3.8,6"
"Audífonos Gamer Tipo Diadema Micrófono Cancelación Ruido Color Negro Audifonos Gaming Streaming,289.0,4.7,6"
"Audífonos Alámbricos Donkey Kong OTL,299.0,5.0,5"
"Ausdom V5.1 Auricular Inalámbrico Para Call Center,608.07,4.5,36"
"Audífonos Gamer Pdp Gaming Nintendo Switch Airlite Wired Headset Azul Con Luz  Sin Luz,660.0,5.0,2"
"Diadema Hpb-200 Bluetooth Manos Libres Plegable Vorago Full Color Negro,299.0,4.1,15"
"Audífonos Gamer Diadema Onikuma K19 camuflaje gris Gaming headset Con microfono Con luz rgb LED Para Xbox Ps4 Pc,579.0,4.6,3248"
"Auriculares gamer Vankyo Gaming Headset  CM7000 CM7000 negro con luz LED,746.96,0.0,0"
"Audífonos Acteck AC-929110 - Ergonómicos, Micro Rígido, 3.5mm - Color Negro,107.0,4.2,40"
"Auriculares Gamer Redragon Pelops H818 - Wireless 2.4g Color Negro,932.92,4.6,10"
"Auriculares gamer inalámbricos T-Dagger RGH 101  T-Rgh 101 T-RGH101 negro con luz LED,342.9,0.0,0"
"Adifonos Gamer Razer Kraken Kitty V2 Quartz Usb Rgb Color Rosa,1.834,3.6,8"
"Diadema Gamer Rig 500 Pro Compatible Con Ps4 Color Negro,389.35,4.9,11"
"Auriculares gamer inalámbricos Corsair  VOID RGB Elite Wireless blanco con luz LED,2.14,4.7,182"
"..:: Diadema Headset Turtle Beach ::.. Recon 200 Gen2 Blanco,799.0,4.7,21"
"Razer Kraken Bt Hello Kitty & Friends Edition Bluetooth 5.0,2.849,4.9,10"
"Diadema Gamer Vorago Hs-501 Rgb Con Micrófono Para Juego Color Black/RGB Light,317.75,4.6,23"
"Vorago Hs-400 Diadema Manos Libres USB Alta Fidelidad Microfono Integrado Ligero Almohadillas Suaves,284.0,4.4,34"
"Audifonos Hp Omen Blast Headset - Auriculares Gamer,1.399,0.0,0"
"Diadema Corsair Void Rgb Elite Wireless Usb Surround 7.1,2.199,5.0,1"
"Headset Gamer Redragon Hylas White H260-rgb-w,421.0,0.0,0"
"Diadema Asus Tuf Gaming H3 Gun Metal Conector De 3.5mm,830.0,0.0,0"
"Almohadillas Para Audífonos Gamer Corsair Void Pro Rgb,338.9,4.6,37"
"Audífonos Diadema Inalambricos Bluetooth Gamer Headset,negro,819.74,4.8,11"
"Audífonos 3,5 Mm Para Gamers | Aud-558,384.0,4.5,24"
"Naceb Tecnología Audífonos Con Micrófono Para Pc NA-0316 Audífonos Manos Libres Sonido Hq Alambricos Color Negro,139.0,3.7,7"
"Diadema Conector 2.5 Axh-v28m-j25 Voice Compatible Ct14 Color Negro,892.4,5.0,2"
"Audífonos Gamer Redragon Pandora White H350rgb Usb7.1 Blanco Luz RGB,652.68,2.8,5"
"Headset Alámbrico Harry Potter OTL hp0816 Marrón ,399.0,4.6,54"
"Krysenix PG1  Auriculares Blanco Para Juegos Con Cancelación De Ruido Stereo Gaming Headset Se puede usar para pc, ps5, ps4, Xbox,295.92,4.8,102"
"Auriculares Bluetooth Onikuma K19,411.0,4.8,20"
"Auriculares K2 Pro Gamer para PC, teléfono móvil y videojuegos, color azul,295.0,0.0,0"
"Diadema Gamer Core Headset Nyko Para Xbo One Switch Pc Ps4 Color Negro,430.0,4.0,4"
"Diadema Original Logitech H390 Pack De 10 Piezas Bulk,3.634,0.0,0"
"Auriculares estéreo P2 Asus Cerberus V2 negro/rojo,1.159,0.0,0"
"Auriculares Deportivos Inalámbricos M19 Audífonos Gamer Hifi,139.99,0.0,0"
"Headset Alámbrico Tx30 Voltedge Para Xbox One Color Verde/Negro,399.0,4.6,475"
"Audífonos Gamer Dreamgear Elite Universal Ps Xbox Switch Cel,547.4,4.0,4"
"Diadema Logitech H390 Usb Headset Rosado 981-001280,588.18,4.8,5"
